ID,Assembly_atom_ID,Entity_assembly_ID,Entity_ID,Comp_index_ID,Seq_ID,Comp_ID,Atom_ID,Atom_type,Atom_isotope_number,Val,Val_err,Assign_fig_of_merit,Ambiguity_code,Occupancy,Resonance_ID,Auth_entity_assembly_ID,Auth_asym_ID,Auth_seq_ID,Auth_comp_ID,Auth_atom_ID,Details,Entry_ID,Assigned_chem_shift_list_ID
1,,1,1,1,1,MET,HA,H,1,4.22,,,1,,,,,,,,,68,1
2,,1,1,1,1,MET,HB2,H,1,2.07,,,2,,,,,,,,,68,1
3,,1,1,1,1,MET,HB3,H,1,2.17,,,2,,,,,,,,,68,1
4,,1,1,2,2,GLN,H,H,1,8.82,,,1,,,,,,,,,68,1
5,,1,1,2,2,GLN,HA,H,1,5.27,,,1,,,,,,,,,68,1
6,,1,1,2,2,GLN,HB2,H,1,1.67,,,2,,,,,,,,,68,1
7,,1,1,2,2,GLN,HB3,H,1,1.88,,,2,,,,,,,,,68,1
8,,1,1,2,2,GLN,HG2,H,1,2.23,,,1,,,,,,,,,68,1
9,,1,1,2,2,GLN,HG3,H,1,2.23,,,1,,,,,,,,,68,1
10,,1,1,2,2,GLN,HE21,H,1,6.71,,,2,,,,,,,,,68,1
11,,1,1,2,2,GLN,HE22,H,1,7.52,,,2,,,,,,,,,68,1
12,,1,1,3,3,ILE,H,H,1,8.33,,,1,,,,,,,,,68,1
13,,1,1,3,3,ILE,HA,H,1,4.21,,,1,,,,,,,,,68,1
14,,1,1,3,3,ILE,HB,H,1,1.8,,,1,,,,,,,,,68,1
15,,1,1,3,3,ILE,HG12,H,1,.88,,,2,,,,,,,,,68,1
16,,1,1,3,3,ILE,HG13,H,1,1.1,,,2,,,,,,,,,68,1
17,,1,1,3,3,ILE,HG21,H,1,.66,,,1,,,,,,,,,68,1
18,,1,1,3,3,ILE,HG22,H,1,.66,,,1,,,,,,,,,68,1
19,,1,1,3,3,ILE,HG23,H,1,.66,,,1,,,,,,,,,68,1
20,,1,1,3,3,ILE,HD11,H,1,.61,,,1,,,,,,,,,68,1
21,,1,1,3,3,ILE,HD12,H,1,.61,,,1,,,,,,,,,68,1
22,,1,1,3,3,ILE,HD13,H,1,.61,,,1,,,,,,,,,68,1
23,,1,1,4,4,PHE,H,H,1,8.57,,,1,,,,,,,,,68,1
24,,1,1,4,4,PHE,HA,H,1,5.61,,,1,,,,,,,,,68,1
25,,1,1,4,4,PHE,HB2,H,1,2.88,,,2,,,,,,,,,68,1
26,,1,1,4,4,PHE,HB3,H,1,3.08,,,2,,,,,,,,,68,1
27,,1,1,4,4,PHE,HD1,H,1,7.11,,,1,,,,,,,,,68,1
28,,1,1,4,4,PHE,HD2,H,1,7.11,,,1,,,,,,,,,68,1
29,,1,1,4,4,PHE,HE1,H,1,7.28,,,1,,,,,,,,,68,1
30,,1,1,4,4,PHE,HE2,H,1,7.28,,,1,,,,,,,,,68,1
31,,1,1,4,4,PHE,HZ,H,1,7.28,,,1,,,,,,,,,68,1
32,,1,1,5,5,VAL,H,H,1,9.26,,,1,,,,,,,,,68,1
33,,1,1,5,5,VAL,HA,H,1,4.79,,,1,,,,,,,,,68,1
34,,1,1,5,5,VAL,HB,H,1,1.93,,,1,,,,,,,,,68,1
35,,1,1,5,5,VAL,HG11,H,1,.71,,,1,,,,,,,,,68,1
36,,1,1,5,5,VAL,HG12,H,1,.71,,,1,,,,,,,,,68,1
37,,1,1,5,5,VAL,HG13,H,1,.71,,,1,,,,,,,,,68,1
38,,1,1,5,5,VAL,HG21,H,1,.76,,,1,,,,,,,,,68,1
39,,1,1,5,5,VAL,HG22,H,1,.76,,,1,,,,,,,,,68,1
40,,1,1,5,5,VAL,HG23,H,1,.76,,,1,,,,,,,,,68,1
41,,1,1,6,6,LYS,H,H,1,8.87,,,1,,,,,,,,,68,1
42,,1,1,6,6,LYS,HA,H,1,5.34,,,1,,,,,,,,,68,1
43,,1,1,6,6,LYS,HB2,H,1,1.4,,,2,,,,,,,,,68,1
44,,1,1,6,6,LYS,HB3,H,1,1.71,,,2,,,,,,,,,68,1
45,,1,1,6,6,LYS,HG2,H,1,1.31,,,2,,,,,,,,,68,1
46,,1,1,6,6,LYS,HG3,H,1,1.49,,,2,,,,,,,,,68,1
47,,1,1,6,6,LYS,HD2,H,1,1.6,,,1,,,,,,,,,68,1
48,,1,1,6,6,LYS,HD3,H,1,1.6,,,1,,,,,,,,,68,1
49,,1,1,6,6,LYS,HE2,H,1,2.92,,,1,,,,,,,,,68,1
50,,1,1,6,6,LYS,HE3,H,1,2.92,,,1,,,,,,,,,68,1
51,,1,1,7,7,THR,H,H,1,8.69,,,1,,,,,,,,,68,1
52,,1,1,7,7,THR,HA,H,1,5,,,1,,,,,,,,,68,1
53,,1,1,7,7,THR,HB,H,1,4.8,,,1,,,,,,,,,68,1
54,,1,1,7,7,THR,HG21,H,1,1.21,,,1,,,,,,,,,68,1
55,,1,1,7,7,THR,HG22,H,1,1.21,,,1,,,,,,,,,68,1
56,,1,1,7,7,THR,HG23,H,1,1.21,,,1,,,,,,,,,68,1
57,,1,1,8,8,LEU,H,H,1,8.91,,,1,,,,,,,,,68,1
58,,1,1,8,8,LEU,HA,H,1,4.33,,,1,,,,,,,,,68,1
59,,1,1,8,8,LEU,HB2,H,1,1.95,,,2,,,,,,,,,68,1
60,,1,1,8,8,LEU,HB3,H,1,1.8,,,2,,,,,,,,,68,1
61,,1,1,8,8,LEU,HG,H,1,1.9,,,1,,,,,,,,,68,1
62,,1,1,8,8,LEU,HD11,H,1,1,,,2,,,,,,,,,68,1
63,,1,1,8,8,LEU,HD12,H,1,1,,,2,,,,,,,,,68,1
64,,1,1,8,8,LEU,HD13,H,1,1,,,2,,,,,,,,,68,1
65,,1,1,8,8,LEU,HD21,H,1,1.06,,,2,,,,,,,,,68,1
66,,1,1,8,8,LEU,HD22,H,1,1.06,,,2,,,,,,,,,68,1
67,,1,1,8,8,LEU,HD23,H,1,1.06,,,2,,,,,,,,,68,1
68,,1,1,9,9,THR,H,H,1,7.59,,,1,,,,,,,,,68,1
69,,1,1,9,9,THR,HA,H,1,4.41,,,1,,,,,,,,,68,1
70,,1,1,9,9,THR,HB,H,1,4.6,,,1,,,,,,,,,68,1
71,,1,1,9,9,THR,HG21,H,1,1.28,,,1,,,,,,,,,68,1
72,,1,1,9,9,THR,HG22,H,1,1.28,,,1,,,,,,,,,68,1
73,,1,1,9,9,THR,HG23,H,1,1.28,,,1,,,,,,,,,68,1
74,,1,1,10,10,GLY,H,H,1,7.78,,,1,,,,,,,,,68,1
75,,1,1,10,10,GLY,HA2,H,1,3.62,,,2,,,,,,,,,68,1
76,,1,1,10,10,GLY,HA3,H,1,4.36,,,2,,,,,,,,,68,1
77,,1,1,11,11,LYS,H,H,1,7.25,,,1,,,,,,,,,68,1
78,,1,1,11,11,LYS,HA,H,1,4.37,,,1,,,,,,,,,68,1
79,,1,1,11,11,LYS,HB2,H,1,1.73,,,2,,,,,,,,,68,1
80,,1,1,11,11,LYS,HB3,H,1,1.81,,,2,,,,,,,,,68,1
81,,1,1,11,11,LYS,HG2,H,1,1.28,,,2,,,,,,,,,68,1
82,,1,1,11,11,LYS,HG3,H,1,1.43,,,2,,,,,,,,,68,1
83,,1,1,11,11,LYS,HD2,H,1,1.66,,,1,,,,,,,,,68,1
84,,1,1,11,11,LYS,HD3,H,1,1.66,,,1,,,,,,,,,68,1
85,,1,1,11,11,LYS,HE2,H,1,2.95,,,1,,,,,,,,,68,1
86,,1,1,11,11,LYS,HE3,H,1,2.95,,,1,,,,,,,,,68,1
87,,1,1,12,12,THR,H,H,1,8.5,,,1,,,,,,,,,68,1
88,,1,1,12,12,THR,HA,H,1,5.08,,,1,,,,,,,,,68,1
89,,1,1,12,12,THR,HB,H,1,3.98,,,1,,,,,,,,,68,1
90,,1,1,12,12,THR,HG21,H,1,1.11,,,1,,,,,,,,,68,1
91,,1,1,12,12,THR,HG22,H,1,1.11,,,1,,,,,,,,,68,1
92,,1,1,12,12,THR,HG23,H,1,1.11,,,1,,,,,,,,,68,1
93,,1,1,13,13,ILE,H,H,1,9.44,,,1,,,,,,,,,68,1
94,,1,1,13,13,ILE,HA,H,1,4.53,,,1,,,,,,,,,68,1
95,,1,1,13,13,ILE,HB,H,1,1.89,,,1,,,,,,,,,68,1
96,,1,1,13,13,ILE,HG12,H,1,1.12,,,2,,,,,,,,,68,1
97,,1,1,13,13,ILE,HG13,H,1,1.46,,,2,,,,,,,,,68,1
98,,1,1,13,13,ILE,HG21,H,1,.9,,,1,,,,,,,,,68,1
99,,1,1,13,13,ILE,HG22,H,1,.9,,,1,,,,,,,,,68,1
100,,1,1,13,13,ILE,HG23,H,1,.9,,,1,,,,,,,,,68,1
101,,1,1,13,13,ILE,HD11,H,1,.75,,,1,,,,,,,,,68,1
102,,1,1,13,13,ILE,HD12,H,1,.75,,,1,,,,,,,,,68,1
103,,1,1,13,13,ILE,HD13,H,1,.75,,,1,,,,,,,,,68,1
104,,1,1,14,14,THR,H,H,1,8.57,,,1,,,,,,,,,68,1
105,,1,1,14,14,THR,HA,H,1,4.97,,,1,,,,,,,,,68,1
106,,1,1,14,14,THR,HB,H,1,4.05,,,1,,,,,,,,,68,1
107,,1,1,14,14,THR,HG21,H,1,1.14,,,1,,,,,,,,,68,1
108,,1,1,14,14,THR,HG22,H,1,1.14,,,1,,,,,,,,,68,1
109,,1,1,14,14,THR,HG23,H,1,1.14,,,1,,,,,,,,,68,1
110,,1,1,15,15,LEU,H,H,1,8.67,,,1,,,,,,,,,68,1
111,,1,1,15,15,LEU,HA,H,1,4.75,,,1,,,,,,,,,68,1
112,,1,1,15,15,LEU,HB2,H,1,1.38,,,2,,,,,,,,,68,1
113,,1,1,15,15,LEU,HB3,H,1,1.26,,,2,,,,,,,,,68,1
114,,1,1,15,15,LEU,HG,H,1,1.45,,,1,,,,,,,,,68,1
115,,1,1,15,15,LEU,HD11,H,1,.74,,,2,,,,,,,,,68,1
116,,1,1,15,15,LEU,HD12,H,1,.74,,,2,,,,,,,,,68,1
117,,1,1,15,15,LEU,HD13,H,1,.74,,,2,,,,,,,,,68,1
118,,1,1,15,15,LEU,HD21,H,1,.79,,,2,,,,,,,,,68,1
119,,1,1,15,15,LEU,HD22,H,1,.79,,,2,,,,,,,,,68,1
120,,1,1,15,15,LEU,HD23,H,1,.79,,,2,,,,,,,,,68,1
121,,1,1,16,16,GLU,H,H,1,8.05,,,1,,,,,,,,,68,1
122,,1,1,16,16,GLU,HA,H,1,4.92,,,1,,,,,,,,,68,1
123,,1,1,16,16,GLU,HB2,H,1,1.87,,,2,,,,,,,,,68,1
124,,1,1,16,16,GLU,HB3,H,1,1.94,,,2,,,,,,,,,68,1
125,,1,1,16,16,GLU,HG2,H,1,2.25,,,2,,,,,,,,,68,1
126,,1,1,16,16,GLU,HG3,H,1,2.11,,,2,,,,,,,,,68,1
127,,1,1,17,17,VAL,H,H,1,8.85,,,1,,,,,,,,,68,1
128,,1,1,17,17,VAL,HA,H,1,4.71,,,1,,,,,,,,,68,1
129,,1,1,17,17,VAL,HB,H,1,2.36,,,1,,,,,,,,,68,1
130,,1,1,17,17,VAL,HG11,H,1,.47,,,1,,,,,,,,,68,1
131,,1,1,17,17,VAL,HG12,H,1,.47,,,1,,,,,,,,,68,1
132,,1,1,17,17,VAL,HG13,H,1,.47,,,1,,,,,,,,,68,1
133,,1,1,17,17,VAL,HG21,H,1,.74,,,1,,,,,,,,,68,1
134,,1,1,17,17,VAL,HG22,H,1,.74,,,1,,,,,,,,,68,1
135,,1,1,17,17,VAL,HG23,H,1,.74,,,1,,,,,,,,,68,1
136,,1,1,18,18,GLU,H,H,1,8.68,,,1,,,,,,,,,68,1
137,,1,1,18,18,GLU,HA,H,1,5.08,,,1,,,,,,,,,68,1
138,,1,1,18,18,GLU,HB2,H,1,1.65,,,2,,,,,,,,,68,1
139,,1,1,18,18,GLU,HB3,H,1,1.67,,,2,,,,,,,,,68,1
140,,1,1,18,18,GLU,HG2,H,1,2.38,,,2,,,,,,,,,68,1
141,,1,1,18,18,GLU,HG3,H,1,2.27,,,2,,,,,,,,,68,1
142,,1,1,19,19,PRO,HA,H,1,4.16,,,1,,,,,,,,,68,1
143,,1,1,19,19,PRO,HB2,H,1,2.02,,,2,,,,,,,,,68,1
144,,1,1,19,19,PRO,HB3,H,1,2.44,,,2,,,,,,,,,68,1
145,,1,1,19,19,PRO,HG2,H,1,2.09,,,2,,,,,,,,,68,1
146,,1,1,19,19,PRO,HG3,H,1,2.23,,,2,,,,,,,,,68,1
147,,1,1,19,19,PRO,HD2,H,1,3.82,,,2,,,,,,,,,68,1
148,,1,1,19,19,PRO,HD3,H,1,4.02,,,2,,,,,,,,,68,1
149,,1,1,20,20,SER,H,H,1,7.01,,,1,,,,,,,,,68,1
150,,1,1,20,20,SER,HA,H,1,4.38,,,1,,,,,,,,,68,1
151,,1,1,20,20,SER,HB2,H,1,4.17,,,2,,,,,,,,,68,1
152,,1,1,20,20,SER,HB3,H,1,3.81,,,2,,,,,,,,,68,1
153,,1,1,21,21,ASP,H,H,1,7.98,,,1,,,,,,,,,68,1
154,,1,1,21,21,ASP,HA,H,1,4.7,,,1,,,,,,,,,68,1
155,,1,1,21,21,ASP,HB2,H,1,2.54,,,2,,,,,,,,,68,1
156,,1,1,21,21,ASP,HB3,H,1,2.97,,,2,,,,,,,,,68,1
157,,1,1,22,22,THR,H,H,1,7.82,,,1,,,,,,,,,68,1
158,,1,1,22,22,THR,HA,H,1,4.95,,,1,,,,,,,,,68,1
159,,1,1,22,22,THR,HB,H,1,4.8,,,1,,,,,,,,,68,1
160,,1,1,22,22,THR,HG21,H,1,1.28,,,1,,,,,,,,,68,1
161,,1,1,22,22,THR,HG22,H,1,1.28,,,1,,,,,,,,,68,1
162,,1,1,22,22,THR,HG23,H,1,1.28,,,1,,,,,,,,,68,1
163,,1,1,23,23,ILE,H,H,1,8.51,,,1,,,,,,,,,68,1
164,,1,1,23,23,ILE,HA,H,1,3.66,,,1,,,,,,,,,68,1
165,,1,1,23,23,ILE,HB,H,1,2.51,,,1,,,,,,,,,68,1
166,,1,1,23,23,ILE,HG12,H,1,1.32,,,2,,,,,,,,,68,1
167,,1,1,23,23,ILE,HG13,H,1,1.9,,,2,,,,,,,,,68,1
168,,1,1,23,23,ILE,HG21,H,1,.81,,,1,,,,,,,,,68,1
169,,1,1,23,23,ILE,HG22,H,1,.81,,,1,,,,,,,,,68,1
170,,1,1,23,23,ILE,HG23,H,1,.81,,,1,,,,,,,,,68,1
171,,1,1,23,23,ILE,HD11,H,1,.61,,,1,,,,,,,,,68,1
172,,1,1,23,23,ILE,HD12,H,1,.61,,,1,,,,,,,,,68,1
173,,1,1,23,23,ILE,HD13,H,1,.61,,,1,,,,,,,,,68,1
174,,1,1,24,24,GLU,H,H,1,9.82,,,1,,,,,,,,,68,1
175,,1,1,24,24,GLU,HA,H,1,3.92,,,1,,,,,,,,,68,1
176,,1,1,24,24,GLU,HB2,H,1,2.07,,,1,,,,,,,,,68,1
177,,1,1,24,24,GLU,HB3,H,1,2.07,,,1,,,,,,,,,68,1
178,,1,1,24,24,GLU,HG2,H,1,2.37,,,2,,,,,,,,,68,1
179,,1,1,24,24,GLU,HG3,H,1,2.44,,,2,,,,,,,,,68,1
180,,1,1,25,25,ASN,H,H,1,7.87,,,1,,,,,,,,,68,1
181,,1,1,25,25,ASN,HA,H,1,4.56,,,1,,,,,,,,,68,1
182,,1,1,25,25,ASN,HB2,H,1,2.88,,,2,,,,,,,,,68,1
183,,1,1,25,25,ASN,HB3,H,1,3.21,,,2,,,,,,,,,68,1
184,,1,1,25,25,ASN,HD21,H,1,6.83,,,2,,,,,,,,,68,1
185,,1,1,25,25,ASN,HD22,H,1,7.8,,,2,,,,,,,,,68,1
186,,1,1,26,26,VAL,H,H,1,8.04,,,1,,,,,,,,,68,1
187,,1,1,26,26,VAL,HA,H,1,3.41,,,1,,,,,,,,,68,1
188,,1,1,26,26,VAL,HB,H,1,2.38,,,1,,,,,,,,,68,1
189,,1,1,26,26,VAL,HG11,H,1,.72,,,1,,,,,,,,,68,1
190,,1,1,26,26,VAL,HG12,H,1,.72,,,1,,,,,,,,,68,1
191,,1,1,26,26,VAL,HG13,H,1,.72,,,1,,,,,,,,,68,1
192,,1,1,26,26,VAL,HG21,H,1,1,,,1,,,,,,,,,68,1
193,,1,1,26,26,VAL,HG22,H,1,1,,,1,,,,,,,,,68,1
194,,1,1,26,26,VAL,HG23,H,1,1,,,1,,,,,,,,,68,1
195,,1,1,27,27,LYS,H,H,1,8.52,,,1,,,,,,,,,68,1
196,,1,1,27,27,LYS,HA,H,1,4.57,,,1,,,,,,,,,68,1
197,,1,1,27,27,LYS,HB2,H,1,2.01,,,2,,,,,,,,,68,1
198,,1,1,27,27,LYS,HB3,H,1,1.92,,,2,,,,,,,,,68,1
199,,1,1,28,28,ALA,H,H,1,8.02,,,1,,,,,,,,,68,1
200,,1,1,28,28,ALA,HA,H,1,4.17,,,1,,,,,,,,,68,1
201,,1,1,28,28,ALA,HB1,H,1,1.65,,,1,,,,,,,,,68,1
202,,1,1,28,28,ALA,HB2,H,1,1.65,,,1,,,,,,,,,68,1
203,,1,1,28,28,ALA,HB3,H,1,1.65,,,1,,,,,,,,,68,1
204,,1,1,29,29,LYS,H,H,1,7.84,,,1,,,,,,,,,68,1
205,,1,1,29,29,LYS,HA,H,1,4.22,,,1,,,,,,,,,68,1
206,,1,1,29,29,LYS,HB2,H,1,2.16,,,2,,,,,,,,,68,1
207,,1,1,29,29,LYS,HB3,H,1,2.07,,,2,,,,,,,,,68,1
208,,1,1,29,29,LYS,HG2,H,1,1.61,,,2,,,,,,,,,68,1
209,,1,1,29,29,LYS,HG3,H,1,1.69,,,2,,,,,,,,,68,1
210,,1,1,29,29,LYS,HD2,H,1,1.51,,,2,,,,,,,,,68,1
211,,1,1,29,29,LYS,HD3,H,1,1.8,,,2,,,,,,,,,68,1
212,,1,1,29,29,LYS,HE2,H,1,3.03,,,1,,,,,,,,,68,1
213,,1,1,29,29,LYS,HE3,H,1,3.03,,,1,,,,,,,,,68,1
214,,1,1,30,30,ILE,H,H,1,8.24,,,1,,,,,,,,,68,1
215,,1,1,30,30,ILE,HA,H,1,3.52,,,1,,,,,,,,,68,1
216,,1,1,30,30,ILE,HB,H,1,2.37,,,1,,,,,,,,,68,1
217,,1,1,30,30,ILE,HG12,H,1,.72,,,2,,,,,,,,,68,1
218,,1,1,30,30,ILE,HG13,H,1,2.02,,,2,,,,,,,,,68,1
219,,1,1,30,30,ILE,HG21,H,1,.7,,,1,,,,,,,,,68,1
220,,1,1,30,30,ILE,HG22,H,1,.7,,,1,,,,,,,,,68,1
221,,1,1,30,30,ILE,HG23,H,1,.7,,,1,,,,,,,,,68,1
222,,1,1,30,30,ILE,HD11,H,1,.9,,,1,,,,,,,,,68,1
223,,1,1,30,30,ILE,HD12,H,1,.9,,,1,,,,,,,,,68,1
224,,1,1,30,30,ILE,HD13,H,1,.9,,,1,,,,,,,,,68,1
225,,1,1,31,31,GLN,H,H,1,8.54,,,1,,,,,,,,,68,1
226,,1,1,31,31,GLN,HA,H,1,3.84,,,1,,,,,,,,,68,1
227,,1,1,31,31,GLN,HB2,H,1,2,,,2,,,,,,,,,68,1
228,,1,1,31,31,GLN,HB3,H,1,2.5,,,2,,,,,,,,,68,1
229,,1,1,31,31,GLN,HG2,H,1,2.35,,,1,,,,,,,,,68,1
230,,1,1,31,31,GLN,HG3,H,1,2.35,,,1,,,,,,,,,68,1
231,,1,1,31,31,GLN,HE21,H,1,6.23,,,2,,,,,,,,,68,1
232,,1,1,31,31,GLN,HE22,H,1,6.5,,,2,,,,,,,,,68,1
233,,1,1,32,32,ASP,H,H,1,7.94,,,1,,,,,,,,,68,1
234,,1,1,32,32,ASP,HA,H,1,4.36,,,1,,,,,,,,,68,1
235,,1,1,32,32,ASP,HB2,H,1,2.78,,,2,,,,,,,,,68,1
236,,1,1,32,32,ASP,HB3,H,1,2.88,,,2,,,,,,,,,68,1
237,,1,1,33,33,LYS,H,H,1,7.45,,,1,,,,,,,,,68,1
238,,1,1,33,33,LYS,HA,H,1,4.34,,,1,,,,,,,,,68,1
239,,1,1,33,33,LYS,HB2,H,1,2.02,,,2,,,,,,,,,68,1
240,,1,1,33,33,LYS,HB3,H,1,1.88,,,2,,,,,,,,,68,1
241,,1,1,33,33,LYS,HG2,H,1,2.12,,,2,,,,,,,,,68,1
242,,1,1,33,33,LYS,HG3,H,1,2.25,,,2,,,,,,,,,68,1
243,,1,1,33,33,LYS,HD2,H,1,1.74,,,2,,,,,,,,,68,1
244,,1,1,33,33,LYS,HD3,H,1,1.64,,,2,,,,,,,,,68,1
245,,1,1,33,33,LYS,HE2,H,1,3.18,,,2,,,,,,,,,68,1
246,,1,1,33,33,LYS,HE3,H,1,3.14,,,2,,,,,,,,,68,1
247,,1,1,34,34,GLU,H,H,1,8.69,,,1,,,,,,,,,68,1
248,,1,1,34,34,GLU,HA,H,1,4.61,,,1,,,,,,,,,68,1
249,,1,1,34,34,GLU,HB2,H,1,1.72,,,2,,,,,,,,,68,1
250,,1,1,34,34,GLU,HB3,H,1,2.28,,,2,,,,,,,,,68,1
251,,1,1,34,34,GLU,HG2,H,1,2.11,,,2,,,,,,,,,68,1
252,,1,1,34,34,GLU,HG3,H,1,2.18,,,2,,,,,,,,,68,1
253,,1,1,35,35,GLY,H,H,1,8.45,,,1,,,,,,,,,68,1
254,,1,1,35,35,GLY,HA2,H,1,3.95,,,2,,,,,,,,,68,1
255,,1,1,35,35,GLY,HA3,H,1,4.14,,,2,,,,,,,,,68,1
256,,1,1,36,36,ILE,H,H,1,6.17,,,1,,,,,,,,,68,1
257,,1,1,36,36,ILE,HA,H,1,4.45,,,1,,,,,,,,,68,1
258,,1,1,36,36,ILE,HB,H,1,1.46,,,1,,,,,,,,,68,1
259,,1,1,36,36,ILE,HG12,H,1,1.12,,,2,,,,,,,,,68,1
260,,1,1,36,36,ILE,HG13,H,1,1.43,,,2,,,,,,,,,68,1
261,,1,1,36,36,ILE,HG21,H,1,.96,,,1,,,,,,,,,68,1
262,,1,1,36,36,ILE,HG22,H,1,.96,,,1,,,,,,,,,68,1
263,,1,1,36,36,ILE,HG23,H,1,.96,,,1,,,,,,,,,68,1
264,,1,1,36,36,ILE,HD11,H,1,.8,,,1,,,,,,,,,68,1
265,,1,1,36,36,ILE,HD12,H,1,.8,,,1,,,,,,,,,68,1
266,,1,1,36,36,ILE,HD13,H,1,.8,,,1,,,,,,,,,68,1
267,,1,1,37,37,PRO,HA,H,1,4.66,,,1,,,,,,,,,68,1
268,,1,1,37,37,PRO,HB2,H,1,2.01,,,2,,,,,,,,,68,1
269,,1,1,37,37,PRO,HB3,H,1,2.46,,,2,,,,,,,,,68,1
270,,1,1,37,37,PRO,HG2,H,1,2.05,,,2,,,,,,,,,68,1
271,,1,1,37,37,PRO,HG3,H,1,2.1,,,2,,,,,,,,,68,1
272,,1,1,37,37,PRO,HD2,H,1,3.58,,,2,,,,,,,,,68,1
273,,1,1,37,37,PRO,HD3,H,1,4.19,,,2,,,,,,,,,68,1
274,,1,1,38,38,PRO,HA,H,1,4.14,,,1,,,,,,,,,68,1
275,,1,1,38,38,PRO,HB2,H,1,2.08,,,2,,,,,,,,,68,1
276,,1,1,38,38,PRO,HB3,H,1,2.24,,,2,,,,,,,,,68,1
277,,1,1,38,38,PRO,HG2,H,1,1.68,,,2,,,,,,,,,68,1
278,,1,1,38,38,PRO,HG3,H,1,2.21,,,2,,,,,,,,,68,1
279,,1,1,38,38,PRO,HD2,H,1,3.78,,,2,,,,,,,,,68,1
280,,1,1,38,38,PRO,HD3,H,1,3.93,,,2,,,,,,,,,68,1
281,,1,1,39,39,ASP,H,H,1,8.49,,,1,,,,,,,,,68,1
282,,1,1,39,39,ASP,HA,H,1,4.44,,,1,,,,,,,,,68,1
283,,1,1,39,39,ASP,HB2,H,1,2.7,,,2,,,,,,,,,68,1
284,,1,1,39,39,ASP,HB3,H,1,2.79,,,2,,,,,,,,,68,1
285,,1,1,40,40,GLN,H,H,1,7.78,,,1,,,,,,,,,68,1
286,,1,1,40,40,GLN,HA,H,1,4.46,,,1,,,,,,,,,68,1
287,,1,1,40,40,GLN,HB2,H,1,1.85,,,1,,,,,,,,,68,1
288,,1,1,40,40,GLN,HB3,H,1,1.85,,,1,,,,,,,,,68,1
289,,1,1,40,40,GLN,HG2,H,1,2.4,,,1,,,,,,,,,68,1
290,,1,1,40,40,GLN,HG3,H,1,2.4,,,1,,,,,,,,,68,1
291,,1,1,41,41,GLN,H,H,1,7.41,,,1,,,,,,,,,68,1
292,,1,1,41,41,GLN,HA,H,1,4.32,,,1,,,,,,,,,68,1
293,,1,1,41,41,GLN,HB2,H,1,1.88,,,2,,,,,,,,,68,1
294,,1,1,41,41,GLN,HB3,H,1,1.97,,,2,,,,,,,,,68,1
295,,1,1,41,41,GLN,HG2,H,1,2.54,,,1,,,,,,,,,68,1
296,,1,1,41,41,GLN,HG3,H,1,2.54,,,1,,,,,,,,,68,1
297,,1,1,42,42,ARG,H,H,1,8.49,,,1,,,,,,,,,68,1
298,,1,1,42,42,ARG,HA,H,1,4.5,,,1,,,,,,,,,68,1
299,,1,1,42,42,ARG,HB2,H,1,1.65,,,2,,,,,,,,,68,1
300,,1,1,42,42,ARG,HB3,H,1,1.73,,,2,,,,,,,,,68,1
301,,1,1,42,42,ARG,HG2,H,1,1.44,,,2,,,,,,,,,68,1
302,,1,1,42,42,ARG,HG3,H,1,1.58,,,2,,,,,,,,,68,1
303,,1,1,42,42,ARG,HD2,H,1,3.16,,,1,,,,,,,,,68,1
304,,1,1,42,42,ARG,HD3,H,1,3.16,,,1,,,,,,,,,68,1
305,,1,1,42,42,ARG,HE,H,1,7.1,,,1,,,,,,,,,68,1
306,,1,1,43,43,LEU,H,H,1,8.74,,,1,,,,,,,,,68,1
307,,1,1,43,43,LEU,HA,H,1,5.35,,,1,,,,,,,,,68,1
308,,1,1,43,43,LEU,HB2,H,1,1.59,,,2,,,,,,,,,68,1
309,,1,1,43,43,LEU,HB3,H,1,1.19,,,2,,,,,,,,,68,1
310,,1,1,43,43,LEU,HG,H,1,1.5,,,1,,,,,,,,,68,1
311,,1,1,43,43,LEU,HD11,H,1,.79,,,2,,,,,,,,,68,1
312,,1,1,43,43,LEU,HD12,H,1,.79,,,2,,,,,,,,,68,1
313,,1,1,43,43,LEU,HD13,H,1,.79,,,2,,,,,,,,,68,1
314,,1,1,43,43,LEU,HD21,H,1,.82,,,2,,,,,,,,,68,1
315,,1,1,43,43,LEU,HD22,H,1,.82,,,2,,,,,,,,,68,1
316,,1,1,43,43,LEU,HD23,H,1,.82,,,2,,,,,,,,,68,1
317,,1,1,44,44,ILE,H,H,1,9.05,,,1,,,,,,,,,68,1
318,,1,1,44,44,ILE,HA,H,1,4.96,,,1,,,,,,,,,68,1
319,,1,1,44,44,ILE,HB,H,1,1.74,,,1,,,,,,,,,68,1
320,,1,1,44,44,ILE,HG12,H,1,1.08,,,2,,,,,,,,,68,1
321,,1,1,44,44,ILE,HG13,H,1,1.38,,,2,,,,,,,,,68,1
322,,1,1,44,44,ILE,HG21,H,1,.71,,,1,,,,,,,,,68,1
323,,1,1,44,44,ILE,HG22,H,1,.71,,,1,,,,,,,,,68,1
324,,1,1,44,44,ILE,HG23,H,1,.71,,,1,,,,,,,,,68,1
325,,1,1,44,44,ILE,HD11,H,1,.7,,,1,,,,,,,,,68,1
326,,1,1,44,44,ILE,HD12,H,1,.7,,,1,,,,,,,,,68,1
327,,1,1,44,44,ILE,HD13,H,1,.7,,,1,,,,,,,,,68,1
328,,1,1,45,45,PHE,H,H,1,8.82,,,1,,,,,,,,,68,1
329,,1,1,45,45,PHE,HA,H,1,5.11,,,1,,,,,,,,,68,1
330,,1,1,45,45,PHE,HB2,H,1,2.83,,,2,,,,,,,,,68,1
331,,1,1,45,45,PHE,HB3,H,1,3.04,,,2,,,,,,,,,68,1
332,,1,1,45,45,PHE,HD1,H,1,7.39,,,1,,,,,,,,,68,1
333,,1,1,45,45,PHE,HD2,H,1,7.39,,,1,,,,,,,,,68,1
334,,1,1,45,45,PHE,HE1,H,1,7.56,,,1,,,,,,,,,68,1
335,,1,1,45,45,PHE,HE2,H,1,7.56,,,1,,,,,,,,,68,1
336,,1,1,45,45,PHE,HZ,H,1,7.5,,,1,,,,,,,,,68,1
337,,1,1,46,46,ALA,H,H,1,8.77,,,1,,,,,,,,,68,1
338,,1,1,46,46,ALA,HA,H,1,3.7,,,1,,,,,,,,,68,1
339,,1,1,46,46,ALA,HB1,H,1,.9,,,1,,,,,,,,,68,1
340,,1,1,46,46,ALA,HB2,H,1,.9,,,1,,,,,,,,,68,1
341,,1,1,46,46,ALA,HB3,H,1,.9,,,1,,,,,,,,,68,1
342,,1,1,47,47,GLY,H,H,1,7.96,,,1,,,,,,,,,68,1
343,,1,1,47,47,GLY,HA2,H,1,4.1,,,2,,,,,,,,,68,1
344,,1,1,47,47,GLY,HA3,H,1,3.45,,,2,,,,,,,,,68,1
345,,1,1,48,48,LYS,H,H,1,7.99,,,1,,,,,,,,,68,1
346,,1,1,48,48,LYS,HA,H,1,4.61,,,1,,,,,,,,,68,1
347,,1,1,48,48,LYS,HB2,H,1,2.01,,,2,,,,,,,,,68,1
348,,1,1,48,48,LYS,HB3,H,1,1.93,,,2,,,,,,,,,68,1
349,,1,1,48,48,LYS,HG2,H,1,1.82,,,1,,,,,,,,,68,1
350,,1,1,48,48,LYS,HG3,H,1,1.82,,,1,,,,,,,,,68,1
351,,1,1,48,48,LYS,HD2,H,1,1.74,,,2,,,,,,,,,68,1
352,,1,1,48,48,LYS,HD3,H,1,1.56,,,2,,,,,,,,,68,1
353,,1,1,48,48,LYS,HE2,H,1,3.19,,,1,,,,,,,,,68,1
354,,1,1,48,48,LYS,HE3,H,1,3.19,,,1,,,,,,,,,68,1
355,,1,1,49,49,GLN,H,H,1,8.54,,,1,,,,,,,,,68,1
356,,1,1,49,49,GLN,HA,H,1,4.58,,,1,,,,,,,,,68,1
357,,1,1,49,49,GLN,HB2,H,1,1.45,,,2,,,,,,,,,68,1
358,,1,1,49,49,GLN,HB3,H,1,2.04,,,2,,,,,,,,,68,1
359,,1,1,49,49,GLN,HG2,H,1,1.69,,,2,,,,,,,,,68,1
360,,1,1,49,49,GLN,HG3,H,1,2.68,,,2,,,,,,,,,68,1
361,,1,1,50,50,LEU,H,H,1,8.48,,,1,,,,,,,,,68,1
362,,1,1,50,50,LEU,HA,H,1,4.08,,,1,,,,,,,,,68,1
363,,1,1,50,50,LEU,HB2,H,1,1.52,,,2,,,,,,,,,68,1
364,,1,1,50,50,LEU,HB3,H,1,1.05,,,2,,,,,,,,,68,1
365,,1,1,50,50,LEU,HG,H,1,1.48,,,1,,,,,,,,,68,1
366,,1,1,50,50,LEU,HD11,H,1,.11,,,2,,,,,,,,,68,1
367,,1,1,50,50,LEU,HD12,H,1,.11,,,2,,,,,,,,,68,1
368,,1,1,50,50,LEU,HD13,H,1,.11,,,2,,,,,,,,,68,1
369,,1,1,50,50,LEU,HD21,H,1,.54,,,2,,,,,,,,,68,1
370,,1,1,50,50,LEU,HD22,H,1,.54,,,2,,,,,,,,,68,1
371,,1,1,50,50,LEU,HD23,H,1,.54,,,2,,,,,,,,,68,1
372,,1,1,51,51,GLU,H,H,1,8.28,,,1,,,,,,,,,68,1
373,,1,1,51,51,GLU,HA,H,1,4.49,,,1,,,,,,,,,68,1
374,,1,1,51,51,GLU,HB2,H,1,2,,,2,,,,,,,,,68,1
375,,1,1,51,51,GLU,HB3,H,1,2.26,,,2,,,,,,,,,68,1
376,,1,1,51,51,GLU,HG2,H,1,2.37,,,2,,,,,,,,,68,1
377,,1,1,51,51,GLU,HG3,H,1,2.46,,,2,,,,,,,,,68,1
378,,1,1,52,52,ASP,H,H,1,8.06,,,1,,,,,,,,,68,1
379,,1,1,52,52,ASP,HA,H,1,4.36,,,1,,,,,,,,,68,1
380,,1,1,52,52,ASP,HB2,H,1,2.79,,,2,,,,,,,,,68,1
381,,1,1,52,52,ASP,HB3,H,1,3.32,,,2,,,,,,,,,68,1
382,,1,1,53,53,GLY,H,H,1,9.44,,,1,,,,,,,,,68,1
383,,1,1,53,53,GLY,HA2,H,1,4.03,,,2,,,,,,,,,68,1
384,,1,1,53,53,GLY,HA3,H,1,4.11,,,2,,,,,,,,,68,1
385,,1,1,54,54,ARG,H,H,1,7.43,,,1,,,,,,,,,68,1
386,,1,1,54,54,ARG,HA,H,1,4.73,,,1,,,,,,,,,68,1
387,,1,1,54,54,ARG,HB2,H,1,2.13,,,2,,,,,,,,,68,1
388,,1,1,54,54,ARG,HB3,H,1,2.23,,,2,,,,,,,,,68,1
389,,1,1,54,54,ARG,HG2,H,1,1.65,,,2,,,,,,,,,68,1
390,,1,1,54,54,ARG,HG3,H,1,1.85,,,2,,,,,,,,,68,1
391,,1,1,54,54,ARG,HD2,H,1,3.11,,,2,,,,,,,,,68,1
392,,1,1,54,54,ARG,HD3,H,1,3.17,,,2,,,,,,,,,68,1
393,,1,1,54,54,ARG,HE,H,1,7.08,,,1,,,,,,,,,68,1
394,,1,1,55,55,THR,H,H,1,8.75,,,1,,,,,,,,,68,1
395,,1,1,55,55,THR,HA,H,1,5.22,,,1,,,,,,,,,68,1
396,,1,1,55,55,THR,HB,H,1,4.54,,,1,,,,,,,,,68,1
397,,1,1,55,55,THR,HG21,H,1,1.15,,,1,,,,,,,,,68,1
398,,1,1,55,55,THR,HG22,H,1,1.15,,,1,,,,,,,,,68,1
399,,1,1,55,55,THR,HG23,H,1,1.15,,,1,,,,,,,,,68,1
400,,1,1,56,56,LEU,H,H,1,8.13,,,1,,,,,,,,,68,1
401,,1,1,56,56,LEU,HA,H,1,4.06,,,1,,,,,,,,,68,1
402,,1,1,56,56,LEU,HB2,H,1,2.12,,,2,,,,,,,,,68,1
403,,1,1,56,56,LEU,HB3,H,1,1.26,,,2,,,,,,,,,68,1
404,,1,1,56,56,LEU,HG,H,1,1.74,,,1,,,,,,,,,68,1
405,,1,1,56,56,LEU,HD11,H,1,.65,,,2,,,,,,,,,68,1
406,,1,1,56,56,LEU,HD12,H,1,.65,,,2,,,,,,,,,68,1
407,,1,1,56,56,LEU,HD13,H,1,.65,,,2,,,,,,,,,68,1
408,,1,1,56,56,LEU,HD21,H,1,.78,,,2,,,,,,,,,68,1
409,,1,1,56,56,LEU,HD22,H,1,.78,,,2,,,,,,,,,68,1
410,,1,1,56,56,LEU,HD23,H,1,.78,,,2,,,,,,,,,68,1
411,,1,1,57,57,SER,H,H,1,8.38,,,1,,,,,,,,,68,1
412,,1,1,57,57,SER,HA,H,1,4.27,,,1,,,,,,,,,68,1
413,,1,1,57,57,SER,HB2,H,1,3.78,,,2,,,,,,,,,68,1
414,,1,1,57,57,SER,HB3,H,1,3.87,,,2,,,,,,,,,68,1
415,,1,1,58,58,ASP,H,H,1,7.88,,,1,,,,,,,,,68,1
416,,1,1,58,58,ASP,HA,H,1,4.31,,,1,,,,,,,,,68,1
417,,1,1,58,58,ASP,HB2,H,1,2.3,,,2,,,,,,,,,68,1
418,,1,1,58,58,ASP,HB3,H,1,2.99,,,2,,,,,,,,,68,1
419,,1,1,59,59,TYR,H,H,1,7.24,,,1,,,,,,,,,68,1
420,,1,1,59,59,TYR,HA,H,1,4.64,,,1,,,,,,,,,68,1
421,,1,1,59,59,TYR,HB2,H,1,2.56,,,2,,,,,,,,,68,1
422,,1,1,59,59,TYR,HB3,H,1,3.46,,,2,,,,,,,,,68,1
423,,1,1,59,59,TYR,HD1,H,1,7.28,,,1,,,,,,,,,68,1
424,,1,1,59,59,TYR,HD2,H,1,7.28,,,1,,,,,,,,,68,1
425,,1,1,59,59,TYR,HE1,H,1,6.92,,,1,,,,,,,,,68,1
426,,1,1,59,59,TYR,HE2,H,1,6.92,,,1,,,,,,,,,68,1
427,,1,1,60,60,ASN,H,H,1,8.12,,,1,,,,,,,,,68,1
428,,1,1,60,60,ASN,HA,H,1,4.37,,,1,,,,,,,,,68,1
429,,1,1,60,60,ASN,HB2,H,1,2.51,,,2,,,,,,,,,68,1
430,,1,1,60,60,ASN,HB3,H,1,2.65,,,2,,,,,,,,,68,1
431,,1,1,61,61,ILE,H,H,1,7.19,,,1,,,,,,,,,68,1
432,,1,1,61,61,ILE,HA,H,1,3.41,,,1,,,,,,,,,68,1
433,,1,1,61,61,ILE,HB,H,1,1.43,,,1,,,,,,,,,68,1
434,,1,1,61,61,ILE,HG12,H,1,.22,,,2,,,,,,,,,68,1
435,,1,1,61,61,ILE,HG13,H,1,1.14,,,2,,,,,,,,,68,1
436,,1,1,61,61,ILE,HG21,H,1,.5,,,1,,,,,,,,,68,1
437,,1,1,61,61,ILE,HG22,H,1,.5,,,1,,,,,,,,,68,1
438,,1,1,61,61,ILE,HG23,H,1,.5,,,1,,,,,,,,,68,1
439,,1,1,61,61,ILE,HD11,H,1,.41,,,1,,,,,,,,,68,1
440,,1,1,61,61,ILE,HD12,H,1,.41,,,1,,,,,,,,,68,1
441,,1,1,61,61,ILE,HD13,H,1,.41,,,1,,,,,,,,,68,1
442,,1,1,62,62,GLN,H,H,1,7.52,,,1,,,,,,,,,68,1
443,,1,1,62,62,GLN,HA,H,1,4.51,,,1,,,,,,,,,68,1
444,,1,1,62,62,GLN,HB2,H,1,1.92,,,2,,,,,,,,,68,1
445,,1,1,62,62,GLN,HB3,H,1,2.27,,,2,,,,,,,,,68,1
446,,1,1,62,62,GLN,HG2,H,1,2.33,,,2,,,,,,,,,68,1
447,,1,1,62,62,GLN,HG3,H,1,2.4,,,2,,,,,,,,,68,1
448,,1,1,63,63,LYS,H,H,1,8.36,,,1,,,,,,,,,68,1
449,,1,1,63,63,LYS,HA,H,1,4,,,1,,,,,,,,,68,1
450,,1,1,63,63,LYS,HB2,H,1,1.92,,,2,,,,,,,,,68,1
451,,1,1,63,63,LYS,HB3,H,1,2.06,,,2,,,,,,,,,68,1
452,,1,1,63,63,LYS,HG2,H,1,1.52,,,1,,,,,,,,,68,1
453,,1,1,63,63,LYS,HG3,H,1,1.52,,,1,,,,,,,,,68,1
454,,1,1,63,63,LYS,HD2,H,1,1.76,,,1,,,,,,,,,68,1
455,,1,1,63,63,LYS,HD3,H,1,1.76,,,1,,,,,,,,,68,1
456,,1,1,63,63,LYS,HE2,H,1,3.06,,,1,,,,,,,,,68,1
457,,1,1,63,63,LYS,HE3,H,1,3.06,,,1,,,,,,,,,68,1
458,,1,1,64,64,GLU,H,H,1,9.2,,,1,,,,,,,,,68,1
459,,1,1,64,64,GLU,HA,H,1,3.4,,,1,,,,,,,,,68,1
460,,1,1,64,64,GLU,HB2,H,1,2.45,,,2,,,,,,,,,68,1
461,,1,1,64,64,GLU,HB3,H,1,2.56,,,2,,,,,,,,,68,1
462,,1,1,64,64,GLU,HG2,H,1,2.31,,,1,,,,,,,,,68,1
463,,1,1,64,64,GLU,HG3,H,1,2.31,,,1,,,,,,,,,68,1
464,,1,1,65,65,SER,H,H,1,7.64,,,1,,,,,,,,,68,1
465,,1,1,65,65,SER,HA,H,1,4.65,,,1,,,,,,,,,68,1
466,,1,1,65,65,SER,HB2,H,1,3.68,,,2,,,,,,,,,68,1
467,,1,1,65,65,SER,HB3,H,1,3.9,,,2,,,,,,,,,68,1
468,,1,1,66,66,THR,H,H,1,8.61,,,1,,,,,,,,,68,1
469,,1,1,66,66,THR,HA,H,1,5.32,,,1,,,,,,,,,68,1
470,,1,1,66,66,THR,HB,H,1,4.08,,,1,,,,,,,,,68,1
471,,1,1,66,66,THR,HG21,H,1,.97,,,1,,,,,,,,,68,1
472,,1,1,66,66,THR,HG22,H,1,.97,,,1,,,,,,,,,68,1
473,,1,1,66,66,THR,HG23,H,1,.97,,,1,,,,,,,,,68,1
474,,1,1,67,67,LEU,H,H,1,9.36,,,1,,,,,,,,,68,1
475,,1,1,67,67,LEU,HA,H,1,5.08,,,1,,,,,,,,,68,1
476,,1,1,67,67,LEU,HB2,H,1,1.49,,,2,,,,,,,,,68,1
477,,1,1,67,67,LEU,HB3,H,1,1.67,,,2,,,,,,,,,68,1
478,,1,1,67,67,LEU,HG,H,1,1.79,,,1,,,,,,,,,68,1
479,,1,1,67,67,LEU,HD11,H,1,.69,,,2,,,,,,,,,68,1
480,,1,1,67,67,LEU,HD12,H,1,.69,,,2,,,,,,,,,68,1
481,,1,1,67,67,LEU,HD13,H,1,.69,,,2,,,,,,,,,68,1
482,,1,1,67,67,LEU,HD21,H,1,.72,,,2,,,,,,,,,68,1
483,,1,1,67,67,LEU,HD22,H,1,.72,,,2,,,,,,,,,68,1
484,,1,1,67,67,LEU,HD23,H,1,.72,,,2,,,,,,,,,68,1
485,,1,1,68,68,HIS,H,H,1,9.19,,,1,,,,,,,,,68,1
486,,1,1,68,68,HIS,HA,H,1,5.21,,,1,,,,,,,,,68,1
487,,1,1,68,68,HIS,HB2,H,1,2.96,,,2,,,,,,,,,68,1
488,,1,1,68,68,HIS,HB3,H,1,3.12,,,2,,,,,,,,,68,1
489,,1,1,68,68,HIS,HD2,H,1,7.15,,,1,,,,,,,,,68,1
490,,1,1,68,68,HIS,HE1,H,1,8.34,,,1,,,,,,,,,68,1
491,,1,1,69,69,LEU,H,H,1,8.3,,,1,,,,,,,,,68,1
492,,1,1,69,69,LEU,HA,H,1,5.19,,,1,,,,,,,,,68,1
493,,1,1,69,69,LEU,HB2,H,1,1.12,,,2,,,,,,,,,68,1
494,,1,1,69,69,LEU,HB3,H,1,1.64,,,2,,,,,,,,,68,1
495,,1,1,69,69,LEU,HG,H,1,1.37,,,1,,,,,,,,,68,1
496,,1,1,69,69,LEU,HD11,H,1,.76,,,2,,,,,,,,,68,1
497,,1,1,69,69,LEU,HD12,H,1,.76,,,2,,,,,,,,,68,1
498,,1,1,69,69,LEU,HD13,H,1,.76,,,2,,,,,,,,,68,1
499,,1,1,69,69,LEU,HD21,H,1,.88,,,2,,,,,,,,,68,1
500,,1,1,69,69,LEU,HD22,H,1,.88,,,2,,,,,,,,,68,1
501,,1,1,69,69,LEU,HD23,H,1,.88,,,2,,,,,,,,,68,1
502,,1,1,70,70,VAL,H,H,1,9.13,,,1,,,,,,,,,68,1
503,,1,1,70,70,VAL,HA,H,1,4.36,,,1,,,,,,,,,68,1
504,,1,1,70,70,VAL,HB,H,1,2.05,,,1,,,,,,,,,68,1
505,,1,1,70,70,VAL,HG11,H,1,.87,,,1,,,,,,,,,68,1
506,,1,1,70,70,VAL,HG12,H,1,.87,,,1,,,,,,,,,68,1
507,,1,1,70,70,VAL,HG13,H,1,.87,,,1,,,,,,,,,68,1
508,,1,1,70,70,VAL,HG21,H,1,.95,,,1,,,,,,,,,68,1
509,,1,1,70,70,VAL,HG22,H,1,.95,,,1,,,,,,,,,68,1
510,,1,1,70,70,VAL,HG23,H,1,.95,,,1,,,,,,,,,68,1
511,,1,1,71,71,LEU,H,H,1,7.94,,,1,,,,,,,,,68,1
512,,1,1,71,71,LEU,HA,H,1,5.07,,,1,,,,,,,,,68,1
513,,1,1,71,71,LEU,HB2,H,1,1.59,,,2,,,,,,,,,68,1
514,,1,1,71,71,LEU,HB3,H,1,2.18,,,2,,,,,,,,,68,1
515,,1,1,71,71,LEU,HG,H,1,1.69,,,1,,,,,,,,,68,1
516,,1,1,71,71,LEU,HD11,H,1,.88,,,2,,,,,,,,,68,1
517,,1,1,71,71,LEU,HD12,H,1,.88,,,2,,,,,,,,,68,1
518,,1,1,71,71,LEU,HD13,H,1,.88,,,2,,,,,,,,,68,1
519,,1,1,71,71,LEU,HD21,H,1,.98,,,2,,,,,,,,,68,1
520,,1,1,71,71,LEU,HD22,H,1,.98,,,2,,,,,,,,,68,1
521,,1,1,71,71,LEU,HD23,H,1,.98,,,2,,,,,,,,,68,1
522,,1,1,72,72,ARG,H,H,1,8.53,,,1,,,,,,,,,68,1
523,,1,1,72,72,ARG,HA,H,1,4.29,,,1,,,,,,,,,68,1
524,,1,1,72,72,ARG,HB2,H,1,1.56,,,2,,,,,,,,,68,1
525,,1,1,72,72,ARG,HB3,H,1,1.78,,,2,,,,,,,,,68,1
526,,1,1,72,72,ARG,HG2,H,1,1.53,,,2,,,,,,,,,68,1
527,,1,1,72,72,ARG,HG3,H,1,1.86,,,2,,,,,,,,,68,1
528,,1,1,72,72,ARG,HD2,H,1,3.19,,,1,,,,,,,,,68,1
529,,1,1,72,72,ARG,HD3,H,1,3.19,,,1,,,,,,,,,68,1
530,,1,1,72,72,ARG,HE,H,1,7.08,,,1,,,,,,,,,68,1
531,,1,1,73,73,LEU,H,H,1,8.15,,,1,,,,,,,,,68,1
532,,1,1,73,73,LEU,HA,H,1,4.41,,,1,,,,,,,,,68,1
533,,1,1,73,73,LEU,HB2,H,1,1.65,,,1,,,,,,,,,68,1
534,,1,1,73,73,LEU,HB3,H,1,1.65,,,1,,,,,,,,,68,1
535,,1,1,73,73,LEU,HG,H,1,1.63,,,1,,,,,,,,,68,1
536,,1,1,73,73,LEU,HD11,H,1,.89,,,2,,,,,,,,,68,1
537,,1,1,73,73,LEU,HD12,H,1,.89,,,2,,,,,,,,,68,1
538,,1,1,73,73,LEU,HD13,H,1,.89,,,2,,,,,,,,,68,1
539,,1,1,73,73,LEU,HD21,H,1,.94,,,2,,,,,,,,,68,1
540,,1,1,73,73,LEU,HD22,H,1,.94,,,2,,,,,,,,,68,1
541,,1,1,73,73,LEU,HD23,H,1,.94,,,2,,,,,,,,,68,1
542,,1,1,74,74,ARG,H,H,1,8.25,,,1,,,,,,,,,68,1
543,,1,1,74,74,ARG,HA,H,1,4.32,,,1,,,,,,,,,68,1
544,,1,1,74,74,ARG,HB2,H,1,1.8,,,2,,,,,,,,,68,1
545,,1,1,74,74,ARG,HB3,H,1,1.89,,,2,,,,,,,,,68,1
546,,1,1,74,74,ARG,HG2,H,1,1.65,,,1,,,,,,,,,68,1
547,,1,1,74,74,ARG,HG3,H,1,1.65,,,1,,,,,,,,,68,1
548,,1,1,74,74,ARG,HD2,H,1,3.22,,,1,,,,,,,,,68,1
549,,1,1,74,74,ARG,HD3,H,1,3.22,,,1,,,,,,,,,68,1
550,,1,1,74,74,ARG,HE,H,1,7.22,,,1,,,,,,,,,68,1
551,,1,1,75,75,GLY,H,H,1,8.32,,,1,,,,,,,,,68,1
552,,1,1,75,75,GLY,HA2,H,1,3.97,,,1,,,,,,,,,68,1
553,,1,1,75,75,GLY,HA3,H,1,3.97,,,1,,,,,,,,,68,1
554,,1,1,76,76,GLY,H,H,1,7.8,,,1,,,,,,,,,68,1
555,,1,1,76,76,GLY,HA2,H,1,3.73,,,2,,,,,,,,,68,1
556,,1,1,76,76,GLY,HA3,H,1,3.82,,,2,,,,,,,,,68,1
