Amino acid,Atom 1,Atom 2,Coupling
ALA,H,HA,7
ALA,HA,HB1,7
ALA,HA,HB2,7
ALA,HA,HB3,7
ARG,H,HA,7
ARG,HA,HB2,7
ARG,HA,HB3,7
ARG,HB2,HB3,15
ARG,HB2,HG2,7
ARG,HB2,HG3,7
ARG,HB3,HG2,7
ARG,HB3,HG3,7
ARG,HG2,HD2,7
ARG,HG2,HD3,7
ARG,HG3,HD2,7
ARG,HG3,HD3,7
ARG,HD2,HE,7
ARG,HD3,HE,7
ASP,H,HA,7
ASP,HA,HB2,7
ASP,HA,HB3,7
ASP,HB2,HB3,15
ASN,H,HA,7
ASN,HA,HB2,7
ASN,HA,HB3,7
ASN,HB2,HB3,15
CYS,H,HA,7
CYS,HA,HB2,7
CYS,HA,HB3,7
CYS,HB2,HB3,15
GLU,H,HA,7
GLU,HA,HB2,7
GLU,HA,HB3,7
GLU,HB2,HB3,15
GLU,HB2,HG2,7
GLU,HB2,HG3,7
GLU,HB3,HG2,7
GLU,HB3,HG3,7
GLN,H,HA,7
GLN,HA,HB2,7
GLN,HA,HB3,7
GLN,HB2,HB3,15
GLN,HB2,HG2,7
GLN,HB2,HG3,7
GLN,HB3,HG2,7
GLN,HB3,HG3,7
GLY,H,HA2,7
GLY,H,HA3,7
GLY,HA2,HA3,15
HIS,H,HA,7
HIS,HA,HB2,7
HIS,HA,HB3,7
HIS,HB2,HB3,15
ILE,H,HA,7
ILE,HA,HB,7
ILE,HB,HG12,7
ILE,HB,HG13,7
ILE,HB,HG21,7
ILE,HB,HG22,7
ILE,HB,HG23,7
ILE,HG12,HD11,7
ILE,HG12,HD12,7
ILE,HG12,HD13,7
ILE,HG13,HD11,7
ILE,HG13,HD12,7
ILE,HG13,HD13,7
ILE,HG12,HG13,15
LEU,H,HA,7
LEU,HA,HB2,7
LEU,HA,HB3,7
LEU,HB2,HB3,15
LEU,HB2,HG,7
LEU,HB3,HG,7
LEU,HG,HD11,7
LEU,HG,HD12,7
LEU,HG,HD13,7
LEU,HG,HD21,7
LEU,HG,HD22,7
LEU,HG,HD23,7
LYS,H,HA,7
LYS,HA,HB2,7
LYS,HA,HB3,7
LYS,HB2,HB3,15
LYS,HB2,HG2,7
LYS,HB2,HG3,7
LYS,HB3,HG2,7
LYS,HB3,HG3,7
LYS,HG2,HD2,7
LYS,HG2,HD3,7
LYS,HG3,HD2,7
LYS,HG3,HD3,7
LYS,HD2,HE2,7
LYS,HD2,HE3,7
LYS,HD3,HE2,7
LYS,HD3,HE3,7
MET,H,HA,7
MET,HA,HB2,7
MET,HA,HB3,7
MET,HB2,HB3,15
MET,HB2,HG2,7
MET,HB2,HG3,7
MET,HB3,HG2,7
MET,HB3,HG3,7
PHE,H,HA,7
PHE,HA,HB2,7
PHE,HA,HB3,7
PHE,HB2,HB3,15
PHE,HD1,HE1,7
PHE,HD1,HE2,7
PHE,HD2,HE1,7
PHE,HD2,HE2,7
PHE,HE1,HZ,7
PHE,HE2,HZ,7
PRO,H,HA,7
PRO,HA,HB2,7
PRO,HA,HB3,7
PRO,HB2,HB3,15
PRO,HB2,HG2,7
PRO,HB2,HG3,7
PRO,HB3,HG2,7
PRO,HB3,HG3,7
PRO,HG2,HD2,7
PRO,HG2,HD3,7
PRO,HG3,HD2,7
PRO,HG3,HD3,7
SER,H,HA,7
SER,HA,HB2,7
SER,HA,HB3,7
SER,HB2,HB3,15
THR,H,HA,7
THR,HA,HB,7
THR,HB,HG21,7
THR,HB,HG22,7
THR,HB,HG23,7
TRP,H,HA,7
TRP,HA,HB2,7
TRP,HA,HB3,7
TRP,HB2,HB3,15
TRP,HD1,HE1,7
TRP,HZ2,HH2,7
TRP,HH2,HZ3,7
TRP,HZ3,HE3,7
TYR,H,HA,7
TYR,HA,HB2,7
TYR,HA,HB3,7
TYR,HB2,HB3,15
TYR,HD1,HE1,7
TYR,HD1,HE2,7
TYR,HD2,HE1,7
TYR,HD2,HE2,7
VAL,H,HA,7
VAL,HA,HB,7
VAL,HB,HG11,7
VAL,HB,HG12,7
VAL,HB,HG13,7
VAL,HB,HG21,7
VAL,HB,HG22,7
VAL,HB,HG23,7
